3D Crossword Plugin,application/vnd.hzn-3d-crossword,.x3d,IANA: 3D Crossword Plugin,application,.x3d
3GP,video/3gpp,.3gp,Wikipedia: 3GP,video,.3gp
3GP2,video/3gpp2,.3g2,Wikipedia: 3G2,video,.3g2
3GPP MSEQ File,application/vnd.mseq,.mseq,IANA: 3GPP MSEQ File,application,.mseq
3M Post It Notes,application/vnd.3m.post-it-notes,.pwn,IANA: 3M Post It Notes,application,.pwn
3rd Generation Partnership Project - Pic Large,application/vnd.3gpp.pic-bw-large,.plb,3GPP,application,.plb
3rd Generation Partnership Project - Pic Small,application/vnd.3gpp.pic-bw-small,.psb,3GPP,application,.psb
3rd Generation Partnership Project - Pic Var,application/vnd.3gpp.pic-bw-var,.pvb,3GPP,application,.pvb
3rd Generation Partnership Project - Transaction Capabilities Application Part,application/vnd.3gpp2.tcap,.tcap,3GPP,application,.tcap
7-Zip,application/x-7z-compressed,.7z,Wikipedia: 7-Zip,application,.7z
AbiWord,application/x-abiword,.abw,Wikipedia: AbiWord,application,.abw
Ace Archive,application/x-ace-compressed,.ace,Wikipedia: ACE,application,.ace
Active Content Compression,application/vnd.americandynamics.acc,.acc,IANA: Active Content Compression,application,.acc
ACU Cobol,application/vnd.acucobol,.acu,IANA: ACU Cobol,application,.acu
ACU Cobol,application/vnd.acucorp,.atc,IANA: ACU Cobol,application,.atc
Adaptive differential pulse-code modulation,audio/adpcm,.adp,Wikipedia: ADPCM,audio,.adp
Adobe (Macropedia) Authorware - Binary File,application/x-authorware-bin,.aab,Wikipedia: Authorware,application,.aab
Adobe (Macropedia) Authorware - Map,application/x-authorware-map,.aam,Wikipedia: Authorware,application,.aam
Adobe (Macropedia) Authorware - Segment File,application/x-authorware-seg,.aas,Wikipedia: Authorware,application,.aas
Adobe AIR Application,application/vnd.adobe.air-application-installer-package+zip,.air,Building AIR Applications,application,.air
Adobe Flash,application/x-shockwave-flash,.swf,Wikipedia: Adobe Flash,application,.swf
Adobe Flex Project,application/vnd.adobe.fxp,.fxp,IANA: Adobe Flex Project,application,.fxp
Adobe Portable Document Format,application/pdf,.pdf,Adobe PDF,application,.pdf
Adobe PostScript Printer Description File Format,application/vnd.cups-ppd,.ppd,IANA: Cups,application,.ppd
Adobe Shockwave Player,application/x-director,.dir,Wikipedia: Adobe Shockwave Player,application,.dir
Adobe XML Data Package,application/vnd.adobe.xdp+xml,.xdp,Wikipedia: XML Data Package,application,.xdp
Adobe XML Forms Data Format,application/vnd.adobe.xfdf,.xfdf,Wikipedia: XML Portable Document Format,application,.xfdf
Advanced Audio Coding (AAC),audio/x-aac,.aac,Wikipedia: AAC,audio,.aac
Ahead AIR Application,application/vnd.ahead.space,.ahead,IANA: Ahead AIR Application,application,.ahead
AirZip FileSECURE,application/vnd.airzip.filesecure.azf,.azf,IANA: AirZip,application,.azf
AirZip FileSECURE,application/vnd.airzip.filesecure.azs,.azs,IANA: AirZip,application,.azs
Amazon Kindle eBook format,application/vnd.amazon.ebook,.azw,Kindle Direct Publishing,application,.azw
AmigaDE,application/vnd.amiga.ami,.ami,IANA: Amiga,application,.ami
Andrew Toolkit,application/andrew-inset,N/A,IANA - Andrew Inset,application,N/A
Android Package Archive,application/vnd.android.package-archive,.apk,Wikipedia: APK File Format,application,.apk
ANSER-WEB Terminal Client - Certificate Issue,application/vnd.anser-web-certificate-issue-initiation,.cii,IANA: ANSWER-WEB,application,.cii
ANSER-WEB Terminal Client - Web Funds Transfer,application/vnd.anser-web-funds-transfer-initiation,.fti,IANA: ANSWER-WEB,application,.fti
Antix Game Player,application/vnd.antix.game-component,.atx,IANA: Antix Game Component,application,.atx
Apple Disk Image,application/x-apple-diskimage,.dmg,Apple Disk Image,application,.dmg
Apple Installer Package,application/vnd.apple.installer+xml,.mpkg,IANA: Apple Installer,application,.mpkg
Applixware,application/applixware,.aw,Vistasource,application,.aw
Archipelago Lesson Player,application/vnd.hhe.lesson-player,.les,IANA: Archipelago Lesson Player,application,.les
Arista Networks Software Image,application/vnd.aristanetworks.swi,.swi,IANA: Arista Networks Software Image,application,.swi
Assembler Source File,text/x-asm,.s,Wikipedia: Assembly,text,.s
Atom Publishing Protocol,application/atomcat+xml,.atomcat,RFC 5023,application,.atomcat
Atom Publishing Protocol Service Document,application/atomsvc+xml,.atomsvc,RFC 5023,application,.atomsvc
Atom Syndication Format,application/atom+xml,".atom, .xml",RFC 4287,application,.atom
Attribute Certificate,application/pkix-attr-cert,.ac,RFC 5877,application,.ac
Audio Interchange File Format,audio/x-aiff,.aif,Wikipedia: Audio Interchange File Format,audio,.aif
Audio Video Interleave (AVI),video/x-msvideo,.avi,Wikipedia: AVI,video,.avi
Audiograph,application/vnd.audiograph,.aep,IANA: Audiograph,application,.aep
AutoCAD DXF,image/vnd.dxf,.dxf,Wikipedia: AutoCAD DXF,image,.dxf
Autodesk Design Web Format (DWF),model/vnd.dwf,.dwf,Wikipedia: Design Web Format,model,.dwf
BAS Partitur Format,text/plain-bas,.par,Phonetik BAS,text,.par
Binary CPIO Archive,application/x-bcpio,.bcpio,Wikipedia: cpio,application,.bcpio
Binary Data,application/octet-stream,.bin, ,application,.bin
Bitmap Image File,image/bmp,.bmp,Wikipedia: BMP File Format,image,.bmp
BitTorrent,application/x-bittorrent,.torrent,Wikipedia: BitTorrent,application,.torrent
Blackberry COD File,application/vnd.rim.cod,.cod, ,application,.cod
Blueice Research Multipass,application/vnd.blueice.multipass,.mpm,IANA: Multipass,application,.mpm
BMI Drawing Data Interchange,application/vnd.bmi,.bmi,IANA: BMI,application,.bmi
Bourne Shell Script,application/x-sh,.sh,Wikipedia: Bourne Shell,application,.sh
BTIF,image/prs.btif,.btif,IANA: BTIF,image,.btif
BusinessObjects,application/vnd.businessobjects,.rep,IANA: BusinessObjects,application,.rep
Bzip Archive,application/x-bzip,.bz,Wikipedia: Bzip,application,.bz
Bzip2 Archive,application/x-bzip2,.bz2,Wikipedia: Bzip,application,.bz2
C Shell Script,application/x-csh,.csh,Wikipedia: C Shell,application,.csh
C Source File,text/x-c,.c,Wikipedia: C Programming Language,text,.c
CambridgeSoft Chem Draw,application/vnd.chemdraw+xml,.cdxml,IANA: Chem Draw,application,.cdxml
Cascading Style Sheets (CSS),text/css,.css,Wikipedia: CSS,text,.css
ChemDraw eXchange file,chemical/x-cdx,.cdx,ChemDraw eXchange file,chemical,.cdx
Chemical Markup Language,chemical/x-cml,.cml,Wikipedia: Chemical Markup Language,chemical,.cml
Chemical Style Markup Language,chemical/x-csml,.csml,Wikipedia: Chemical Style Markup Language,chemical,.csml
CIM Database,application/vnd.contact.cmsg,.cdbcmsg,IANA: CIM Database,application,.cdbcmsg
Claymore Data Files,application/vnd.claymore,.cla,IANA: Claymore,application,.cla
Clonk Game,application/vnd.clonk.c4group,.c4g,IANA: Clonk,application,.c4g
Close Captioning - Subtitle,image/vnd.dvb.subtitle,.sub,Wikipedia: Closed Captioning,image,.sub
Cloud Data Management Interface (CDMI) - Capability,application/cdmi-capability,.cdmia,RFC 6208,application,.cdmia
Cloud Data Management Interface (CDMI) - Contaimer,application/cdmi-container,.cdmic,RFC 6209,application,.cdmic
Cloud Data Management Interface (CDMI) - Domain,application/cdmi-domain,.cdmid,RFC 6210,application,.cdmid
Cloud Data Management Interface (CDMI) - Object,application/cdmi-object,.cdmio,RFC 6211,application,.cdmio
Cloud Data Management Interface (CDMI) - Queue,application/cdmi-queue,.cdmiq,RFC 6212,application,.cdmiq
ClueTrust CartoMobile - Config,application/vnd.cluetrust.cartomobile-config,.c11amc,IANA: CartoMobile,application,.c11amc
ClueTrust CartoMobile - Config Package,application/vnd.cluetrust.cartomobile-config-pkg,.c11amz,IANA: CartoMobile,application,.c11amz
CMU Image,image/x-cmu-raster,.ras, ,image,.ras
COLLADA,model/vnd.collada+xml,.dae,IANA: COLLADA,model,.dae
Comma-Seperated Values,text/csv,.csv,Wikipedia: CSV,text,.csv
Compact Pro,application/mac-compactpro,.cpt,Compact Pro,application,.cpt
Compiled Wireless Markup Language (WMLC),application/vnd.wap.wmlc,.wmlc,IANA: WMLC,application,.wmlc
Computer Graphics Metafile,image/cgm,.cgm,Wikipedia: Computer Graphics Metafile,image,.cgm
CoolTalk,x-conference/x-cooltalk,.ice,Wikipedia: CoolTalk,x-conference,.ice
Corel Metafile Exchange (CMX),image/x-cmx,.cmx,Wikipedia: CorelDRAW,image,.cmx
CorelXARA,application/vnd.xara,.xar,IANA: CorelXARA,application,.xar
CosmoCaller,application/vnd.cosmocaller,.cmc,IANA: CosmoCaller,application,.cmc
CPIO Archive,application/x-cpio,.cpio,Wikipedia: cpio,application,.cpio
CrickSoftware - Clicker,application/vnd.crick.clicker,.clkx,IANA: Clicker,application,.clkx
CrickSoftware - Clicker - Keyboard,application/vnd.crick.clicker.keyboard,.clkk,IANA: Clicker,application,.clkk
CrickSoftware - Clicker - Palette,application/vnd.crick.clicker.palette,.clkp,IANA: Clicker,application,.clkp
CrickSoftware - Clicker - Template,application/vnd.crick.clicker.template,.clkt,IANA: Clicker,application,.clkt
CrickSoftware - Clicker - Wordbank,application/vnd.crick.clicker.wordbank,.clkw,IANA: Clicker,application,.clkw
Critical Tools - PERT Chart EXPERT,application/vnd.criticaltools.wbs+xml,.wbs,IANA: Critical Tools,application,.wbs
CryptoNote,application/vnd.rig.cryptonote,.cryptonote,IANA: CryptoNote,application,.cryptonote
Crystallographic Interchange Format,chemical/x-cif,.cif,Crystallographic Interchange Format,chemical,.cif
CrystalMaker Data Format,chemical/x-cmdf,.cmdf,CrystalMaker Data Format,chemical,.cmdf
CU-SeeMe,application/cu-seeme,.cu,White Pine,application,.cu
CU-Writer,application/prs.cww,.cww, ,application,.cww
Curl - Applet,text/vnd.curl,.curl,Curl Applet,text,.curl
Curl - Detached Applet,text/vnd.curl.dcurl,.dcurl,Curl Detached Applet,text,.dcurl
Curl - Manifest File,text/vnd.curl.mcurl,.mcurl,Curl Manifest File,text,.mcurl
Curl - Source Code,text/vnd.curl.scurl,.scurl,Curl Source Code,text,.scurl
CURL Applet,application/vnd.curl.car,.car,IANA: CURL Applet,application,.car
CURL Applet,application/vnd.curl.pcurl,.pcurl,IANA: CURL Applet,application,.pcurl
CustomMenu,application/vnd.yellowriver-custom-menu,.cmp,IANA: CustomMenu,application,.cmp
Data Structure for the Security Suitability of Cryptographic Algorithms,application/dssc+der,.dssc,RFC 5698,application,.dssc
Data Structure for the Security Suitability of Cryptographic Algorithms,application/dssc+xml,.xdssc,RFC 5698,application,.xdssc
Debian Package,application/x-debian-package,.deb,Wikipedia: Debian Package,application,.deb
DECE Audio,audio/vnd.dece.audio,.uva,IANA: Dece Audio,audio,.uva
DECE Graphic,image/vnd.dece.graphic,.uvi,IANA: DECE Graphic,image,.uvi
DECE High Definition Video,video/vnd.dece.hd,.uvh,IANA: DECE HD Video,video,.uvh
DECE Mobile Video,video/vnd.dece.mobile,.uvm,IANA: DECE Mobile Video,video,.uvm
DECE MP4,video/vnd.uvvu.mp4,.uvu,IANA: DECE MP4,video,.uvu
DECE PD Video,video/vnd.dece.pd,.uvp,IANA: DECE PD Video,video,.uvp
DECE SD Video,video/vnd.dece.sd,.uvs,IANA: DECE SD Video,video,.uvs
DECE Video,video/vnd.dece.video,.uvv,IANA: DECE Video,video,.uvv
Device Independent File Format (DVI),application/x-dvi,.dvi,Wikipedia: DVI,application,.dvi
Digital Siesmograph Networks - SEED Datafiles,application/vnd.fdsn.seed,.seed,IANA: SEED,application,.seed
Digital Talking Book,application/x-dtbook+xml,.dtb,Wikipedia: EPUB,application,.dtb
Digital Talking Book - Resource File,application/x-dtbresource+xml,.res,Digital Talking Book,application,.res
Digital Video Broadcasting,application/vnd.dvb.ait,.ait,IANA: Digital Video Broadcasting,application,.ait
Digital Video Broadcasting,application/vnd.dvb.service,.svc,IANA: Digital Video Broadcasting,application,.svc
Digital Winds Music,audio/vnd.digital-winds,.eol,IANA: Digital Winds,audio,.eol
DjVu,image/vnd.djvu,.djvu,Wikipedia: DjVu,image,.djvu
Document Type Definition,application/xml-dtd,.dtd,W3C DTD,application,.dtd
Dolby Meridian Lossless Packing,application/vnd.dolby.mlp,.mlp,IANA: Dolby Meridian Lossless Packing,application,.mlp
Doom Video Game,application/x-doom,.wad,Wikipedia: Doom WAD,application,.wad
DPGraph,application/vnd.dpgraph,.dpg,IANA: DPGraph,application,.dpg
DRA Audio,audio/vnd.dra,.dra,IANA: DRA,audio,.dra
DreamFactory,application/vnd.dreamfactory,.dfac,IANA: DreamFactory,application,.dfac
DTS Audio,audio/vnd.dts,.dts,IANA: DTS,audio,.dts
DTS High Definition Audio,audio/vnd.dts.hd,.dtshd,IANA: DTS HD,audio,.dtshd
DWG Drawing,image/vnd.dwg,.dwg,Wikipedia: DWG,image,.dwg
DynaGeo,application/vnd.dynageo,.geo,IANA: DynaGeo,application,.geo
ECMAScript,application/ecmascript,.es,ECMA-357,application,.es
EcoWin Chart,application/vnd.ecowin.chart,.mag,IANA: EcoWin Chart,application,.mag
EDMICS 2000,image/vnd.fujixerox.edmics-mmr,.mmr,IANA: EDMICS 2000,image,.mmr
EDMICS 2000,image/vnd.fujixerox.edmics-rlc,.rlc,IANA: EDMICS 2000,image,.rlc
Efficient XML Interchange,application/exi,.exi,Efficient XML Interchange (EXI) Best Practices,application,.exi
EFI Proteus,application/vnd.proteus.magazine,.mgz,IANA: EFI Proteus,application,.mgz
Electronic Publication,application/epub+zip,.epub,Wikipedia: EPUB,application,.epub
Email Message,message/rfc822,.eml,RFC 2822,message,.eml
Enliven Viewer,application/vnd.enliven,.nml,IANA: Enliven Viewer,application,.nml
Express by Infoseek,application/vnd.is-xpr,.xpr,IANA: Express by Infoseek,application,.xpr
eXtended Image File Format (XIFF),image/vnd.xiff,.xif,IANA: XIFF,image,.xif
Extensible Forms Description Language,application/vnd.xfdl,.xfdl,IANA: Extensible Forms Description Language,application,.xfdl
Extensible MultiModal Annotation,application/emma+xml,.emma,EMMA: Extensible MultiModal Annotation markup language,application,.emma
EZPix Secure Photo Album,application/vnd.ezpix-album,.ez2,IANA: EZPix Secure Photo Album,application,.ez2
EZPix Secure Photo Album,application/vnd.ezpix-package,.ez3,IANA: EZPix Secure Photo Album,application,.ez3
FAST Search & Transfer ASA,image/vnd.fst,.fst,IANA: FAST Search & Transfer ASA,image,.fst
FAST Search & Transfer ASA,video/vnd.fvt,.fvt,IANA: FVT,video,.fvt
FastBid Sheet,image/vnd.fastbidsheet,.fbs,IANA: FastBid Sheet,image,.fbs
FCS Express Layout Link,application/vnd.denovo.fcselayout-link,.fe_launch,IANA: FCS Express Layout Link,application,.fe_launch
Flash Video,video/x-f4v,.f4v,Wikipedia: Flash Video,video,.f4v
Flash Video,video/x-flv,.flv,Wikipedia: Flash Video,video,.flv
FlashPix,image/vnd.fpx,.fpx,IANA: FPX,image,.fpx
FlashPix,image/vnd.net-fpx,.npx,IANA: FPX,image,.npx
FLEXSTOR,text/vnd.fmi.flexstor,.flx,IANA: FLEXSTOR,text,.flx
FLI/FLC Animation Format,video/x-fli,.fli,FLI/FLC Animation Format,video,.fli
FluxTime Clip,application/vnd.fluxtime.clip,.ftc,IANA: FluxTime Clip,application,.ftc
Forms Data Format,application/vnd.fdf,.fdf,IANA: Forms Data Format,application,.fdf
Fortran Source File,text/x-fortran,.f,Wikipedia: Fortran,text,.f
FrameMaker Interchange Format,application/vnd.mif,.mif,IANA: FrameMaker Interchange Format,application,.mif
FrameMaker Normal Format,application/vnd.framemaker,.fm,IANA: FrameMaker,application,.fm
FreeHand MX,image/x-freehand,.fh,Wikipedia: Macromedia Freehand,image,.fh
Friendly Software Corporation,application/vnd.fsc.weblaunch,.fsc,IANA: Friendly Software Corporation,application,.fsc
Frogans Player,application/vnd.frogans.fnc,.fnc,IANA: Frogans Player,application,.fnc
Frogans Player,application/vnd.frogans.ltf,.ltf,IANA: Frogans Player,application,.ltf
Fujitsu - Xerox 2D CAD Data,application/vnd.fujixerox.ddd,.ddd,IANA: Fujitsu DDD,application,.ddd
Fujitsu - Xerox DocuWorks,application/vnd.fujixerox.docuworks,.xdw,IANA: Docuworks,application,.xdw
Fujitsu - Xerox DocuWorks Binder,application/vnd.fujixerox.docuworks.binder,.xbd,IANA: Docuworks Binder,application,.xbd
Fujitsu Oasys,application/vnd.fujitsu.oasys,.oas,IANA: Fujitsu Oasys,application,.oas
Fujitsu Oasys,application/vnd.fujitsu.oasys2,.oa2,IANA: Fujitsu Oasys,application,.oa2
Fujitsu Oasys,application/vnd.fujitsu.oasys3,.oa3,IANA: Fujitsu Oasys,application,.oa3
Fujitsu Oasys,application/vnd.fujitsu.oasysgp,.fg5,IANA: Fujitsu Oasys,application,.fg5
Fujitsu Oasys,application/vnd.fujitsu.oasysprs,.bh2,IANA: Fujitsu Oasys,application,.bh2
FutureSplash Animator,application/x-futuresplash,.spl,Wikipedia: FutureSplash Animator,application,.spl
FuzzySheet,application/vnd.fuzzysheet,.fzs,IANA: FuzySheet,application,.fzs
G3 Fax Image,image/g3fax,.g3,Wikipedia: G3 Fax Image,image,.g3
GameMaker ActiveX,application/vnd.gmx,.gmx,IANA: GameMaker ActiveX,application,.gmx
Gen-Trix Studio,model/vnd.gtw,.gtw,IANA: GTW,model,.gtw
Genomatix Tuxedo Framework,application/vnd.genomatix.tuxedo,.txd,IANA: Genomatix Tuxedo Framework,application,.txd
GeoGebra,application/vnd.geogebra.file,.ggb,IANA: GeoGebra,application,.ggb
GeoGebra,application/vnd.geogebra.tool,.ggt,IANA: GeoGebra,application,.ggt
Geometric Description Language (GDL),model/vnd.gdl,.gdl,IANA: GDL,model,.gdl
GeoMetry Explorer,application/vnd.geometry-explorer,.gex,IANA: GeoMetry Explorer,application,.gex
GEONExT and JSXGraph,application/vnd.geonext,.gxt,IANA: GEONExT and JSXGraph,application,.gxt
GeoplanW,application/vnd.geoplan,.g2w,IANA: GeoplanW,application,.g2w
GeospacW,application/vnd.geospace,.g3w,IANA: GeospacW,application,.g3w
Ghostscript Font,application/x-font-ghostscript,.gsf,Wikipedia: Ghostscript,application,.gsf
Glyph Bitmap Distribution Format,application/x-font-bdf,.bdf,Wikipedia: Glyph Bitmap Distribution Format,application,.bdf
GNU Tar Files,application/x-gtar,.gtar,GNU Tar,application,.gtar
GNU Texinfo Document,application/x-texinfo,.texinfo,Wikipedia: Texinfo,application,.texinfo
Gnumeric,application/x-gnumeric,.gnumeric,Wikipedia: Gnumeric,application,.gnumeric
Google Earth - KML,application/vnd.google-earth.kml+xml,.kml,IANA: Google Earth,application,.kml
Google Earth - Zipped KML,application/vnd.google-earth.kmz,.kmz,IANA: Google Earth,application,.kmz
GrafEq,application/vnd.grafeq,.gqf,IANA: GrafEq,application,.gqf
Graphics Interchange Format,image/gif,.gif,Wikipedia: Graphics Interchange Format,image,.gif
Graphviz,text/vnd.graphviz,.gv,IANA: Graphviz,text,.gv
Groove - Account,application/vnd.groove-account,.gac,IANA: Groove,application,.gac
Groove - Help,application/vnd.groove-help,.ghf,IANA: Groove,application,.ghf
Groove - Identity Message,application/vnd.groove-identity-message,.gim,IANA: Groove,application,.gim
Groove - Injector,application/vnd.groove-injector,.grv,IANA: Groove,application,.grv
Groove - Tool Message,application/vnd.groove-tool-message,.gtm,IANA: Groove,application,.gtm
Groove - Tool Template,application/vnd.groove-tool-template,.tpl,IANA: Groove,application,.tpl
Groove - Vcard,application/vnd.groove-vcard,.vcg,IANA: Groove,application,.vcg
H.261,video/h261,.h261,Wikipedia: H.261,video,.h261
H.263,video/h263,.h263,Wikipedia: H.263,video,.h263
H.264,video/h264,.h264,Wikipedia: H.264,video,.h264
Hewlett Packard Instant Delivery,application/vnd.hp-hpid,.hpid,IANA: Hewlett Packard Instant Delivery,application,.hpid
Hewlett-Packard's WebPrintSmart,application/vnd.hp-hps,.hps,IANA: Hewlett-Packard's WebPrintSmart,application,.hps
Hierarchical Data Format,application/x-hdf,.hdf,Wikipedia: Hierarchical Data Format,application,.hdf
Hit'n'Mix,audio/vnd.rip,.rip,IANA: Hit'n'Mix,audio,.rip
Homebanking Computer Interface (HBCI),application/vnd.hbci,.hbci,IANA: HBCI,application,.hbci
HP Indigo Digital Press - Job Layout Languate,application/vnd.hp-jlyt,.jlt,IANA: HP Job Layout Language,application,.jlt
HP Printer Command Language,application/vnd.hp-pcl,.pcl,IANA: HP Printer Command Language,application,.pcl
HP-GL/2 and HP RTL,application/vnd.hp-hpgl,.hpgl,IANA: HP-GL/2 and HP RTL,application,.hpgl
HV Script,application/vnd.yamaha.hv-script,.hvs,IANA: HV Script,application,.hvs
HV Voice Dictionary,application/vnd.yamaha.hv-dic,.hvd,IANA: HV Voice Dictionary,application,.hvd
HV Voice Parameter,application/vnd.yamaha.hv-voice,.hvp,IANA: HV Voice Parameter,application,.hvp
Hydrostatix Master Suite,application/vnd.hydrostatix.sof-data,.sfd-hdstx,IANA: Hydrostatix Master Suite,application,.sfd-hdstx
Hyperstudio,application/hyperstudio,.stk,IANA - Hyperstudio,application,.stk
Hypertext Application Language,application/vnd.hal+xml,.hal,IANA: HAL,application,.hal
HyperText Markup Language (HTML),text/html,.html,Wikipedia: HTML,text,.html
IBM DB2 Rights Manager,application/vnd.ibm.rights-management,.irm,IANA: IBM DB2 Rights Manager,application,.irm
IBM Electronic Media Management System - Secure Container,application/vnd.ibm.secure-container,.sc,IANA: EMMS,application,.sc
iCalendar,text/calendar,.ics,Wikipedia: iCalendar,text,.ics
ICC profile,application/vnd.iccprofile,.icc,IANA: ICC profile,application,.icc
Icon Image,image/x-icon,.ico,Wikipedia: ICO File Format,image,.ico
igLoader,application/vnd.igloader,.igl,IANA: igLoader,application,.igl
Image Exchange Format,image/ief,.ief,RFC 1314,image,.ief
ImmerVision PURE Players,application/vnd.immervision-ivp,.ivp,IANA: ImmerVision PURE Players,application,.ivp
ImmerVision PURE Players,application/vnd.immervision-ivu,.ivu,IANA: ImmerVision PURE Players,application,.ivu
IMS Networks,application/reginfo+xml,.rif, ,application,.rif
In3D - 3DML,text/vnd.in3d.3dml,.3dml,IANA: In3D,text,.3dml
In3D - 3DML,text/vnd.in3d.spot,.spot,IANA: In3D,text,.spot
Initial Graphics Exchange Specification (IGES),model/iges,.igs,Wikipedia: IGES,model,.igs
Interactive Geometry Software,application/vnd.intergeo,.i2g,IANA: Interactive Geometry Software,application,.i2g
Interactive Geometry Software Cinderella,application/vnd.cinderella,.cdy,IANA: Cinderella,application,.cdy
Intercon FormNet,application/vnd.intercon.formnet,.xpw,IANA: Intercon FormNet,application,.xpw
International Society for Advancement of Cytometry,application/vnd.isac.fcs,.fcs,IANA: International Society for Advancement of Cytometry,application,.fcs
Internet Protocol Flow Information Export,application/ipfix,.ipfix,RFC 3917,application,.ipfix
Internet Public Key Infrastructure - Certificate,application/pkix-cert,.cer,RFC 2585,application,.cer
Internet Public Key Infrastructure - Certificate Management Protocole,application/pkixcmp,.pki,RFC 2585,application,.pki
Internet Public Key Infrastructure - Certificate Revocation Lists,application/pkix-crl,.crl,RFC 2585,application,.crl
Internet Public Key Infrastructure - Certification Path,application/pkix-pkipath,.pkipath,RFC 2585,application,.pkipath
IOCOM Visimeet,application/vnd.insors.igm,.igm,IANA: IOCOM Visimeet,application,.igm
IP Unplugged Roaming Client,application/vnd.ipunplugged.rcprofile,.rcprofile,IANA: IP Unplugged Roaming Client,application,.rcprofile
iRepository / Lucidoc Editor,application/vnd.irepository.package+xml,.irp,IANA: iRepository / Lucidoc Editor,application,.irp
J2ME App Descriptor,text/vnd.sun.j2me.app-descriptor,.jad,IANA: J2ME App Descriptor,text,.jad
Java Archive,application/java-archive,.jar,Wikipedia: JAR file format,application,.jar
Java Bytecode File,application/java-vm,.class,Wikipedia: Java Bytecode,application,.class
Java Network Launching Protocol,application/x-java-jnlp-file,.jnlp,Wikipedia: Java Web Start,application,.jnlp
Java Serialized Object,application/java-serialized-object,.ser,Java Serialization API,application,.ser
Java Source File,"text/x-java-source,java",.java,Wikipedia: Java,text,.java
JavaScript,application/javascript,.js,JavaScript,application,.js
JavaScript Object Notation (JSON),application/json,.json,Wikipedia: JSON,application,.json
Joda Archive,application/vnd.joost.joda-archive,.joda,IANA: Joda Archive,application,.joda
JPEG 2000 Compound Image File Format,video/jpm,.jpm,IANA: JPM,video,.jpm
JPEG Image,image/jpeg,".jpeg, .jpg",RFC 1314,image,.jpeg
JPEG Image (Citrix client),image/x-citrix-jpeg,".jpeg, .jpg",RFC 1314,image,.jpeg
JPEG Image (Progressive),image/pjpeg,.pjpeg,JPEG image compression FAQ,image,.pjpeg
JPGVideo,video/jpeg,.jpgv,RFC 3555,video,.jpgv
Kahootz,application/vnd.kahootz,.ktz,IANA: Kahootz,application,.ktz
Karaoke on Chipnuts Chipsets,application/vnd.chipnuts.karaoke-mmd,.mmd,IANA: Chipnuts Karaoke,application,.mmd
KDE KOffice Office Suite - Karbon,application/vnd.kde.karbon,.karbon,IANA: KDE KOffice Office Suite,application,.karbon
KDE KOffice Office Suite - KChart,application/vnd.kde.kchart,.chrt,IANA: KDE KOffice Office Suite,application,.chrt
KDE KOffice Office Suite - Kformula,application/vnd.kde.kformula,.kfo,IANA: KDE KOffice Office Suite,application,.kfo
KDE KOffice Office Suite - Kivio,application/vnd.kde.kivio,.flw,IANA: KDE KOffice Office Suite,application,.flw
KDE KOffice Office Suite - Kontour,application/vnd.kde.kontour,.kon,IANA: KDE KOffice Office Suite,application,.kon
KDE KOffice Office Suite - Kpresenter,application/vnd.kde.kpresenter,.kpr,IANA: KDE KOffice Office Suite,application,.kpr
KDE KOffice Office Suite - Kspread,application/vnd.kde.kspread,.ksp,IANA: KDE KOffice Office Suite,application,.ksp
KDE KOffice Office Suite - Kword,application/vnd.kde.kword,.kwd,IANA: KDE KOffice Office Suite,application,.kwd
Kenamea App,application/vnd.kenameaapp,.htke,IANA: Kenamea App,application,.htke
Kidspiration,application/vnd.kidspiration,.kia,IANA: Kidspiration,application,.kia
Kinar Applications,application/vnd.kinar,.kne,IANA: Kina Applications,application,.kne
Kodak Storyshare,application/vnd.kodak-descriptor,.sse,IANA: Kodak Storyshare,application,.sse
Laser App Enterprise,application/vnd.las.las+xml,.lasxml,IANA: Laser App Enterprise,application,.lasxml
LaTeX,application/x-latex,.latex,Wikipedia: LaTeX,application,.latex
Life Balance - Desktop Edition,application/vnd.llamagraphics.life-balance.desktop,.lbd,IANA: Life Balance,application,.lbd
Life Balance - Exchange Format,application/vnd.llamagraphics.life-balance.exchange+xml,.lbe,IANA: Life Balance,application,.lbe
Lightspeed Audio Lab,application/vnd.jam,.jam,IANA: Lightspeed Audio Lab,application,.jam
Lotus 1-2-3,application/vnd.lotus-1-2-3,0.123,IANA: Lotus 1-2-3,application,0.123
Lotus Approach,application/vnd.lotus-approach,.apr,IANA: Lotus Approach,application,.apr
Lotus Freelance,application/vnd.lotus-freelance,.pre,IANA: Lotus Freelance,application,.pre
Lotus Notes,application/vnd.lotus-notes,.nsf,IANA: Lotus Notes,application,.nsf
Lotus Organizer,application/vnd.lotus-organizer,.org,IANA: Lotus Organizer,application,.org
Lotus Screencam,application/vnd.lotus-screencam,.scm,IANA: Lotus Screencam,application,.scm
Lotus Wordpro,application/vnd.lotus-wordpro,.lwp,IANA: Lotus Wordpro,application,.lwp
Lucent Voice,audio/vnd.lucent.voice,.lvp,IANA: Lucent Voice,audio,.lvp
M3U (Multimedia Playlist),audio/x-mpegurl,.m3u,Wikipedia: M3U,audio,.m3u
M4v,video/x-m4v,.m4v,Wikipedia: M4v,video,.m4v
Macintosh BinHex 4.0,application/mac-binhex40,.hqx,MacMIME,application,.hqx
MacPorts Port System,application/vnd.macports.portpkg,.portpkg,IANA: MacPorts Port System,application,.portpkg
MapGuide DBXML,application/vnd.osgeo.mapguide.package,.mgp,IANA: MapGuide DBXML,application,.mgp
MARC Formats,application/marc,.mrc,RFC 2220,application,.mrc
MARC21 XML Schema,application/marcxml+xml,.mrcx,RFC 6207,application,.mrcx
Material Exchange Format,application/mxf,.mxf,RFC 4539,application,.mxf
Mathematica Notebook Player,application/vnd.wolfram.player,.nbp,IANA: Mathematica Notebook Player,application,.nbp
Mathematica Notebooks,application/mathematica,.ma,IANA - Mathematica,application,.ma
Mathematical Markup Language,application/mathml+xml,.mathml,W3C Math Home,application,.mathml
Mbox database files,application/mbox,.mbox,RFC 4155,application,.mbox
MedCalc,application/vnd.medcalcdata,.mc1,IANA: MedCalc,application,.mc1
Media Server Control Markup Language,application/mediaservercontrol+xml,.mscml,RFC 5022,application,.mscml
MediaRemote,application/vnd.mediastation.cdkey,.cdkey,IANA: MediaRemote,application,.cdkey
Medical Waveform Encoding Format,application/vnd.mfer,.mwf,IANA: Medical Waveform Encoding Format,application,.mwf
Melody Format for Mobile Platform,application/vnd.mfmp,.mfm,IANA: Melody Format for Mobile Platform,application,.mfm
Mesh Data Type,model/mesh,.msh,RFC 2077,model,.msh
Metadata Authority Description Schema,application/mads+xml,.mads,RFC 6207,application,.mads
Metadata Encoding and Transmission Standard,application/mets+xml,.mets,RFC 6207,application,.mets
Metadata Object Description Schema,application/mods+xml,.mods,RFC 6207,application,.mods
Metalink,application/metalink4+xml,.meta4,Wikipedia: Metalink,application,.meta4
Micro CADAM Helix D&D,application/vnd.mcd,.mcd,IANA: Micro CADAM Helix D&D,application,.mcd
Micrografx,application/vnd.micrografx.flo,.flo,IANA: Micrografx,application,.flo
Micrografx iGrafx Professional,application/vnd.micrografx.igx,.igx,IANA: Micrografx,application,.igx
MICROSEC e-Szign¢,application/vnd.eszigno3+xml,.es3,IANA: MICROSEC e-Szign¢,application,.es3
Microsoft Access,application/x-msaccess,.mdb,Wikipedia: Microsoft Access,application,.mdb
Microsoft Advanced Systems Format (ASF),video/x-ms-asf,.asf,Wikipedia: Advanced Systems Format (ASF),video,.asf
Microsoft Application,application/x-msdownload,.exe,Wikipedia: EXE,application,.exe
Microsoft Artgalry,application/vnd.ms-artgalry,.cil,IANA: MS Artgalry,application,.cil
Microsoft Cabinet File,application/vnd.ms-cab-compressed,.cab,IANA: MS Cabinet File,application,.cab
Microsoft Class Server,application/vnd.ms-ims,.ims,IANA: MS Class Server,application,.ims
Microsoft ClickOnce,application/x-ms-application,.application,Wikipedia: ClickOnce,application,.application
Microsoft Clipboard Clip,application/x-msclip,.clp,Wikipedia: Clipboard,application,.clp
Microsoft Document Imaging Format,image/vnd.ms-modi,.mdi,Wikipedia: Microsoft Document Image Format,image,.mdi
Microsoft Embedded OpenType,application/vnd.ms-fontobject,.eot,IANA: MS Embedded OpenType,application,.eot
Microsoft Excel,application/vnd.ms-excel,.xls,IANA: MS Excel,application,.xls
Microsoft Excel - Add-In File,application/vnd.ms-excel.addin.macroenabled.12,.xlam,IANA: MS Excel,application,.xlam
Microsoft Excel - Binary Workbook,application/vnd.ms-excel.sheet.binary.macroenabled.12,.xlsb,IANA: MS Excel,application,.xlsb
Microsoft Excel - Macro-Enabled Template File,application/vnd.ms-excel.template.macroenabled.12,.xltm,IANA: MS Excel,application,.xltm
Microsoft Excel - Macro-Enabled Workbook,application/vnd.ms-excel.sheet.macroenabled.12,.xlsm,IANA: MS Excel,application,.xlsm
Microsoft Html Help File,application/vnd.ms-htmlhelp,.chm,IANA:MS Html Help File,application,.chm
Microsoft Information Card,application/x-mscardfile,.crd,Wikipedia: Information Card,application,.crd
Microsoft Learning Resource Module,application/vnd.ms-lrm,.lrm,IANA: MS Learning Resource Module,application,.lrm
Microsoft MediaView,application/x-msmediaview,.mvb,Windows Help,application,.mvb
Microsoft Money,application/x-msmoney,.mny,Wikipedia: Microsoft Money,application,.mny
Microsoft Office - OOXML - Presentation,application/vnd.openxmlformats-officedocument.presentationml.presentation,.pptx,IANA: OOXML - Presentation,application,.pptx
Microsoft Office - OOXML - Presentation (Slide),application/vnd.openxmlformats-officedocument.presentationml.slide,.sldx,IANA: OOXML - Presentation,application,.sldx
Microsoft Office - OOXML - Presentation (Slideshow),application/vnd.openxmlformats-officedocument.presentationml.slideshow,.ppsx,IANA: OOXML - Presentation,application,.ppsx
Microsoft Office - OOXML - Presentation Template,application/vnd.openxmlformats-officedocument.presentationml.template,.potx,IANA: OOXML - Presentation Template,application,.potx
Microsoft Office - OOXML - Spreadsheet,application/vnd.openxmlformats-officedocument.spreadsheetml.sheet,.xlsx,IANA: OOXML - Spreadsheet,application,.xlsx
Microsoft Office - OOXML - Spreadsheet Template,application/vnd.openxmlformats-officedocument.spreadsheetml.template,.xltx,IANA: OOXML - Spreadsheet Template,application,.xltx
Microsoft Office - OOXML - Word Document,application/vnd.openxmlformats-officedocument.wordprocessingml.document,.docx,IANA: OOXML - Word Document,application,.docx
Microsoft Office - OOXML - Word Document Template,application/vnd.openxmlformats-officedocument.wordprocessingml.template,.dotx,IANA: OOXML - Word Document Template,application,.dotx
Microsoft Office Binder,application/x-msbinder,.obd,Wikipedia: Microsoft Shared Tools,application,.obd
Microsoft Office System Release Theme,application/vnd.ms-officetheme,.thmx,IANA: MS Office System Release Theme,application,.thmx
Microsoft OneNote,application/onenote,.onetoc,MS OneNote 2010,application,.onetoc
Microsoft PlayReady Ecosystem,audio/vnd.ms-playready.media.pya,.pya,IANA: Microsoft PlayReady Ecosystem,audio,.pya
Microsoft PlayReady Ecosystem Video,video/vnd.ms-playready.media.pyv,.pyv,IANA: Microsoft PlayReady Ecosystem,video,.pyv
Microsoft PowerPoint,application/vnd.ms-powerpoint,.ppt,IANA: MS PowerPoint,application,.ppt
Microsoft PowerPoint - Add-in file,application/vnd.ms-powerpoint.addin.macroenabled.12,.ppam,IANA: MS PowerPoint,application,.ppam
Microsoft PowerPoint - Macro-Enabled Open XML Slide,application/vnd.ms-powerpoint.slide.macroenabled.12,.sldm,IANA: MS PowerPoint,application,.sldm
Microsoft PowerPoint - Macro-Enabled Presentation File,application/vnd.ms-powerpoint.presentation.macroenabled.12,.pptm,IANA: MS PowerPoint,application,.pptm
Microsoft PowerPoint - Macro-Enabled Slide Show File,application/vnd.ms-powerpoint.slideshow.macroenabled.12,.ppsm,IANA: MS PowerPoint,application,.ppsm
Microsoft PowerPoint - Macro-Enabled Template File,application/vnd.ms-powerpoint.template.macroenabled.12,.potm,IANA: MS PowerPoint,application,.potm
Microsoft Project,application/vnd.ms-project,.mpp,IANA: MS PowerPoint,application,.mpp
Microsoft Publisher,application/x-mspublisher,.pub,Wikipedia: Microsoft Publisher,application,.pub
Microsoft Schedule+,application/x-msschedule,.scd,Wikipedia: Microsoft Schedule Plus,application,.scd
Microsoft Silverlight,application/x-silverlight-app,.xap,Wikipedia: Silverlight,application,.xap
Microsoft Trust UI Provider - Certificate Trust Link,application/vnd.ms-pki.stl,.stl,IANA: MS Trust UI Provider,application,.stl
Microsoft Trust UI Provider - Security Catalog,application/vnd.ms-pki.seccat,.cat,IANA: MS Trust UI Provider,application,.cat
Microsoft Visio,application/vnd.visio,.vsd,IANA: Visio,application,.vsd
Microsoft Visio 2013,application/vnd.visio2013,.vsdx,IANA: Visio,application,.vsdx
Microsoft Windows Media,video/x-ms-wm,.wm,Wikipedia: Advanced Systems Format (ASF),video,.wm
Microsoft Windows Media Audio,audio/x-ms-wma,.wma,Wikipedia: Windows Media Audio,audio,.wma
Microsoft Windows Media Audio Redirector,audio/x-ms-wax,.wax,Windows Media Metafiles,audio,.wax
Microsoft Windows Media Audio/Video Playlist,video/x-ms-wmx,.wmx,Wikipedia: Advanced Systems Format (ASF),video,.wmx
Microsoft Windows Media Player Download Package,application/x-ms-wmd,.wmd,Wikipedia: Windows Media Player,application,.wmd
Microsoft Windows Media Player Playlist,application/vnd.ms-wpl,.wpl,IANA: MS Windows Media Player Playlist,application,.wpl
Microsoft Windows Media Player Skin Package,application/x-ms-wmz,.wmz,Wikipedia: Windows Media Player,application,.wmz
Microsoft Windows Media Video,video/x-ms-wmv,.wmv,Wikipedia: Advanced Systems Format (ASF),video,.wmv
Microsoft Windows Media Video Playlist,video/x-ms-wvx,.wvx,Wikipedia: Advanced Systems Format (ASF),video,.wvx
Microsoft Windows Metafile,application/x-msmetafile,.wmf,Wikipedia: Windows Metafile,application,.wmf
Microsoft Windows Terminal Services,application/x-msterminal,.trm,Wikipedia: Terminal Server,application,.trm
Microsoft Word,application/msword,.doc,Wikipedia: Microsoft Word,application,.doc
Microsoft Word - Macro-Enabled Document,application/vnd.ms-word.document.macroenabled.12,.docm,IANA: MS Word,application,.docm
Microsoft Word - Macro-Enabled Template,application/vnd.ms-word.template.macroenabled.12,.dotm,IANA: MS Word,application,.dotm
Microsoft Wordpad,application/x-mswrite,.wri,Wikipedia: Wordpad,application,.wri
Microsoft Works,application/vnd.ms-works,.wps,IANA: MS Works,application,.wps
Microsoft XAML Browser Application,application/x-ms-xbap,.xbap,Wikipedia: XAML Browser,application,.xbap
Microsoft XML Paper Specification,application/vnd.ms-xpsdocument,.xps,IANA: MS XML Paper Specification,application,.xps
MIDI - Musical Instrument Digital Interface,audio/midi,.mid,Wikipedia: MIDI,audio,.mid
MiniPay,application/vnd.ibm.minipay,.mpy,IANA: MiniPay,application,.mpy
MO:DCA-P,application/vnd.ibm.modcap,.afp,IANA: MO:DCA-P,application,.afp
Mobile Information Device Profile,application/vnd.jcp.javame.midlet-rms,.rms,IANA: Mobile Information Device Profile,application,.rms
MobileTV,application/vnd.tmobile-livetv,.tmo,IANA: MobileTV,application,.tmo
Mobipocket,application/x-mobipocket-ebook,.prc,Wikipedia: Mobipocket,application,.prc
Mobius Management Systems - Basket file,application/vnd.mobius.mbk,.mbk,IANA: Mobius Management Systems,application,.mbk
Mobius Management Systems - Distribution Database,application/vnd.mobius.dis,.dis,IANA: Mobius Management Systems,application,.dis
Mobius Management Systems - Policy Definition Language File,application/vnd.mobius.plc,.plc,IANA: Mobius Management Systems,application,.plc
Mobius Management Systems - Query File,application/vnd.mobius.mqy,.mqy,IANA: Mobius Management Systems,application,.mqy
Mobius Management Systems - Script Language,application/vnd.mobius.msl,.msl,IANA: Mobius Management Systems,application,.msl
Mobius Management Systems - Topic Index File,application/vnd.mobius.txf,.txf,IANA: Mobius Management Systems,application,.txf
Mobius Management Systems - UniversalArchive,application/vnd.mobius.daf,.daf,IANA: Mobius Management Systems,application,.daf
mod_fly / fly.cgi,text/vnd.fly,.fly,IANA: Fly,text,.fly
Mophun Certificate,application/vnd.mophun.certificate,.mpc,IANA: Mophun Certificate,application,.mpc
Mophun VM,application/vnd.mophun.application,.mpn,IANA: Mophun VM,application,.mpn
Motion JPEG 2000,video/mj2,.mj2,IANA: MJ2,video,.mj2
MPEG Audio,audio/mpeg,.mpga,Wikipedia: MPGA,audio,.mpga
MPEG Url,video/vnd.mpegurl,.mxu,IANA: MPEG Url,video,.mxu
MPEG Video,video/mpeg,.mpeg,Wikipedia: MPEG,video,.mpeg
MPEG-21,application/mp21,.m21,Wikipedia: MPEG-21,application,.m21
MPEG-4 Audio,audio/mp4,.mp4a,Wikipedia: MP4A,audio,.mp4a
MPEG-4 Video,video/mp4,.mp4,Wikipedia: MP4,video,.mp4
MPEG4,application/mp4,.mp4,RFC 4337,application,.mp4
Multimedia Playlist Unicode,application/vnd.apple.mpegurl,.m3u8,Wikipedia: M3U,application,.m3u8
MUsical Score Interpreted Code Invented for the ASCII designation of Notation,application/vnd.musician,.mus,IANA: MUSICIAN,application,.mus
Muvee Automatic Video Editing,application/vnd.muvee.style,.msty,IANA: Muvee,application,.msty
MXML,application/xv+xml,.mxml,Wikipedia: MXML,application,.mxml
N-Gage Game Data,application/vnd.nokia.n-gage.data,.ngdat,IANA: N-Gage Game Data,application,.ngdat
N-Gage Game Installer,application/vnd.nokia.n-gage.symbian.install,.n-gage,IANA: N-Gage Game Installer,application,.n-gage
Navigation Control file for XML (for ePub),application/x-dtbncx+xml,.ncx,Wikipedia: EPUB,application,.ncx
Network Common Data Form (NetCDF),application/x-netcdf,.nc,Wikipedia: NetCDF,application,.nc
neuroLanguage,application/vnd.neurolanguage.nlu,.nlu,IANA: neuroLanguage,application,.nlu
New Moon Liftoff/DNA,application/vnd.dna,.dna,IANA: New Moon Liftoff/DNA,application,.dna
NobleNet Directory,application/vnd.noblenet-directory,.nnd,IANA: NobleNet Directory,application,.nnd
NobleNet Sealer,application/vnd.noblenet-sealer,.nns,IANA: NobleNet Sealer,application,.nns
NobleNet Web,application/vnd.noblenet-web,.nnw,IANA: NobleNet Web,application,.nnw
Nokia Radio Application - Preset,application/vnd.nokia.radio-preset,.rpst,IANA: Nokia Radio Application,application,.rpst
Nokia Radio Application - Preset,application/vnd.nokia.radio-presets,.rpss,IANA: Nokia Radio Application,application,.rpss
Notation3,text/n3,.n3,Wikipedia: Notation3,text,.n3
Novadigm's RADIA and EDM products,application/vnd.novadigm.edm,.edm,IANA: Novadigm's RADIA and EDM products,application,.edm
Novadigm's RADIA and EDM products,application/vnd.novadigm.edx,.edx,IANA: Novadigm's RADIA and EDM products,application,.edx
Novadigm's RADIA and EDM products,application/vnd.novadigm.ext,.ext,IANA: Novadigm's RADIA and EDM products,application,.ext
NpGraphIt,application/vnd.flographit,.gph,IANA: FloGraphIt,application,.gph
Nuera ECELP 4800,audio/vnd.nuera.ecelp4800,.ecelp4800,IANA: ECELP 4800,audio,.ecelp4800
Nuera ECELP 7470,audio/vnd.nuera.ecelp7470,.ecelp7470,IANA: ECELP 7470,audio,.ecelp7470
Nuera ECELP 9600,audio/vnd.nuera.ecelp9600,.ecelp9600,IANA: ECELP 9600,audio,.ecelp9600
Office Document Architecture,application/oda,.oda,RFC 2161,application,.oda
Ogg,application/ogg,.ogx,Wikipedia: Ogg,application,.ogx
Ogg Audio,audio/ogg,.oga,Wikipedia: Ogg,audio,.oga
Ogg Video,video/ogg,.ogv,Wikipedia: Ogg,video,.ogv
OMA Download Agents,application/vnd.oma.dd2+xml,.dd2,IANA: OMA Download Agents,application,.dd2
Open Document Text Web,application/vnd.oasis.opendocument.text-web,.oth,IANA: OpenDocument Text Web,application,.oth
Open eBook Publication Structure,application/oebps-package+xml,.opf,Wikipedia: Open eBook,application,.opf
Open Financial Exchange,application/vnd.intu.qbo,.qbo,IANA: Open Financial Exchange,application,.qbo
Open Office Extension,application/vnd.openofficeorg.extension,.oxt,IANA: Open Office Extension,application,.oxt
Open Score Format,application/vnd.yamaha.openscoreformat,.osf,IANA: Open Score Format,application,.osf
Open Web Media Project - Audio,audio/webm,.weba,WebM Project,audio,.weba
Open Web Media Project - Video,video/webm,.webm,WebM Project,video,.webm
OpenDocument Chart,application/vnd.oasis.opendocument.chart,.odc,IANA: OpenDocument Chart,application,.odc
OpenDocument Chart Template,application/vnd.oasis.opendocument.chart-template,.otc,IANA: OpenDocument Chart Template,application,.otc
OpenDocument Database,application/vnd.oasis.opendocument.database,.odb,IANA: OpenDocument Database,application,.odb
OpenDocument Formula,application/vnd.oasis.opendocument.formula,.odf,IANA: OpenDocument Formula,application,.odf
OpenDocument Formula Template,application/vnd.oasis.opendocument.formula-template,.odft,IANA: OpenDocument Formula Template,application,.odft
OpenDocument Graphics,application/vnd.oasis.opendocument.graphics,.odg,IANA: OpenDocument Graphics,application,.odg
OpenDocument Graphics Template,application/vnd.oasis.opendocument.graphics-template,.otg,IANA: OpenDocument Graphics Template,application,.otg
OpenDocument Image,application/vnd.oasis.opendocument.image,.odi,IANA: OpenDocument Image,application,.odi
OpenDocument Image Template,application/vnd.oasis.opendocument.image-template,.oti,IANA: OpenDocument Image Template,application,.oti
OpenDocument Presentation,application/vnd.oasis.opendocument.presentation,.odp,IANA: OpenDocument Presentation,application,.odp
OpenDocument Presentation Template,application/vnd.oasis.opendocument.presentation-template,.otp,IANA: OpenDocument Presentation Template,application,.otp
OpenDocument Spreadsheet,application/vnd.oasis.opendocument.spreadsheet,.ods,IANA: OpenDocument Spreadsheet,application,.ods
OpenDocument Spreadsheet Template,application/vnd.oasis.opendocument.spreadsheet-template,.ots,IANA: OpenDocument Spreadsheet Template,application,.ots
OpenDocument Text,application/vnd.oasis.opendocument.text,.odt,IANA: OpenDocument Text,application,.odt
OpenDocument Text Master,application/vnd.oasis.opendocument.text-master,.odm,IANA: OpenDocument Text Master,application,.odm
OpenDocument Text Template,application/vnd.oasis.opendocument.text-template,.ott,IANA: OpenDocument Text Template,application,.ott
OpenGL Textures (KTX),image/ktx,.ktx,KTX File Format,image,.ktx
OpenOffice - Calc (Spreadsheet),application/vnd.sun.xml.calc,.sxc,Wikipedia: OpenOffice,application,.sxc
OpenOffice - Calc Template (Spreadsheet),application/vnd.sun.xml.calc.template,.stc,Wikipedia: OpenOffice,application,.stc
OpenOffice - Draw (Graphics),application/vnd.sun.xml.draw,.sxd,Wikipedia: OpenOffice,application,.sxd
OpenOffice - Draw Template (Graphics),application/vnd.sun.xml.draw.template,.std,Wikipedia: OpenOffice,application,.std
OpenOffice - Impress (Presentation),application/vnd.sun.xml.impress,.sxi,Wikipedia: OpenOffice,application,.sxi
OpenOffice - Impress Template (Presentation),application/vnd.sun.xml.impress.template,.sti,Wikipedia: OpenOffice,application,.sti
OpenOffice - Math (Formula),application/vnd.sun.xml.math,.sxm,Wikipedia: OpenOffice,application,.sxm
OpenOffice - Writer (Text - HTML),application/vnd.sun.xml.writer,.sxw,Wikipedia: OpenOffice,application,.sxw
OpenOffice - Writer (Text - HTML),application/vnd.sun.xml.writer.global,.sxg,Wikipedia: OpenOffice,application,.sxg
OpenOffice - Writer Template (Text - HTML),application/vnd.sun.xml.writer.template,.stw,Wikipedia: OpenOffice,application,.stw
OpenType Font File,application/x-font-otf,.otf,OpenType Font File,application,.otf
OSFPVG,application/vnd.yamaha.openscoreformat.osfpvg+xml,.osfpvg,IANA: OSFPVG,application,.osfpvg
OSGi Deployment Package,application/vnd.osgi.dp,.dp,IANA: OSGi Deployment Package,application,.dp
PalmOS Data,application/vnd.palm,.pdb,IANA: PalmOS Data,application,.pdb
Pascal Source File,text/x-pascal,.p,Wikipedia: Pascal,text,.p
PawaaFILE,application/vnd.pawaafile,.paw,IANA: PawaaFILE,application,.paw
PCL 6 Enhanced (Formely PCL XL),application/vnd.hp-pclxl,.pclxl,IANA: HP PCL XL,application,.pclxl
Pcsel eFIF File,application/vnd.picsel,.efif,IANA: Picsel eFIF File,application,.efif
PCX Image,image/x-pcx,.pcx,Wikipedia: PCX,image,.pcx
Photoshop Document,image/vnd.adobe.photoshop,.psd,Wikipedia: Photoshop Document,image,.psd
PICSRules,application/pics-rules,.prf,W3C PICSRules,application,.prf
PICT Image,image/x-pict,.pic,Wikipedia: PICT,image,.pic
pIRCh,application/x-chat,.chat,Wikipedia: pIRCh,application,.chat
PKCS #10 - Certification Request Standard,application/pkcs10,.p10,RFC 2986,application,.p10
PKCS #12 - Personal Information Exchange Syntax Standard,application/x-pkcs12,.p12,RFC 2986,application,.p12
PKCS #7 - Cryptographic Message Syntax Standard,application/pkcs7-mime,.p7m,RFC 2315,application,.p7m
PKCS #7 - Cryptographic Message Syntax Standard,application/pkcs7-signature,.p7s,RFC 2315,application,.p7s
PKCS #7 - Cryptographic Message Syntax Standard (Certificate Request Response),application/x-pkcs7-certreqresp,.p7r,RFC 2986,application,.p7r
PKCS #7 - Cryptographic Message Syntax Standard (Certificates),application/x-pkcs7-certificates,.p7b,RFC 2986,application,.p7b
PKCS #8 - Private-Key Information Syntax Standard,application/pkcs8,.p8,RFC 5208,application,.p8
PocketLearn Viewers,application/vnd.pocketlearn,.plf,IANA: PocketLearn Viewers,application,.plf
Portable Anymap Image,image/x-portable-anymap,.pnm,Wikipedia: Netpbm Format,image,.pnm
Portable Bitmap Format,image/x-portable-bitmap,.pbm,Wikipedia: Netpbm Format,image,.pbm
Portable Compiled Format,application/x-font-pcf,.pcf,Wikipedia: Portable Compiled Format,application,.pcf
Portable Font Resource,application/font-tdpfr,.pfr,RFC 3073,application,.pfr
Portable Game Notation (Chess Games),application/x-chess-pgn,.pgn,Wikipedia: Portable Game Notationb,application,.pgn
Portable Graymap Format,image/x-portable-graymap,.pgm,Wikipedia: Netpbm Format,image,.pgm
Portable Network Graphics (PNG),image/png,.png,RFC 2083,image,.png
Portable Network Graphics (PNG) (Citrix client),image/x-citrix-png,.png,RFC 2083,image,.png
Portable Network Graphics (PNG) (x-token),image/x-png,.png,RFC 2083,image,.png
Portable Pixmap Format,image/x-portable-pixmap,.ppm,Wikipedia: Netpbm Format,image,.ppm
Portable Symmetric Key Container,application/pskc+xml,.pskcxml,RFC 6030,application,.pskcxml
PosML,application/vnd.ctc-posml,.pml,IANA: PosML,application,.pml
PostScript,application/postscript,.ai,Wikipedia: PostScript,application,.ai
PostScript Fonts,application/x-font-type1,.pfa,Wikipedia: PostScript Fonts,application,.pfa
PowerBuilder,application/vnd.powerbuilder6,.pbd,IANA: PowerBuilder,application,.pbd
Pretty Good Privacy,application/pgp-encrypted,.pgp,RFC 2015,application,.pgp
Pretty Good Privacy - Signature,application/pgp-signature,.pgp,RFC 2015,application,.pgp
Preview Systems ZipLock/VBox,application/vnd.previewsystems.box,.box,IANA: Preview Systems ZipLock/Vbox,application,.box
Princeton Video Image,application/vnd.pvi.ptid1,.ptid,IANA: Princeton Video Image,application,.ptid
Pronunciation Lexicon Specification,application/pls+xml,.pls,RFC 4267,application,.pls
Proprietary P&G Standard Reporting System,application/vnd.pg.format,.str,IANA: Proprietary P&G Standard Reporting System,application,.str
Proprietary P&G Standard Reporting System,application/vnd.pg.osasli,.ei6,IANA: Proprietary P&G Standard Reporting System,application,.ei6
PRS Lines Tag,text/prs.lines.tag,.dsc,IANA: PRS Lines Tag,text,.dsc
PSF Fonts,application/x-font-linux-psf,.psf,PSF Fonts,application,.psf
PubliShare Objects,application/vnd.publishare-delta-tree,.qps,IANA: PubliShare Objects,application,.qps
Qualcomm's Plaza Mobile Internet,application/vnd.pmi.widget,.wg,IANA: Qualcomm's Plaza Mobile Internet,application,.wg
QuarkXpress,application/vnd.quark.quarkxpress,.qxd,IANA: QuarkXPress,application,.qxd
QUASS Stream Player,application/vnd.epson.esf,.esf,IANA: QUASS Stream Player,application,.esf
QUASS Stream Player,application/vnd.epson.msf,.msf,IANA: QUASS Stream Player,application,.msf
QUASS Stream Player,application/vnd.epson.ssf,.ssf,IANA: QUASS Stream Player,application,.ssf
QuickAnime Player,application/vnd.epson.quickanime,.qam,IANA: QuickAnime Player,application,.qam
Quicken,application/vnd.intu.qfx,.qfx,IANA: Quicken,application,.qfx
Quicktime Video,video/quicktime,.qt,Wikipedia: Quicktime,video,.qt
RAR Archive,application/x-rar-compressed,.rar,Wikipedia: RAR,application,.rar
Real Audio Sound,audio/x-pn-realaudio,.ram,Wikipedia: RealPlayer,audio,.ram
Real Audio Sound,audio/x-pn-realaudio-plugin,.rmp,Wikipedia: RealPlayer,audio,.rmp
Really Simple Discovery,application/rsd+xml,.rsd,Wikipedia: Really Simple Discovery,application,.rsd
RealMedia,application/vnd.rn-realmedia,.rm, ,application,.rm
RealVNC,application/vnd.realvnc.bed,.bed,IANA: RealVNC,application,.bed
Recordare Applications,application/vnd.recordare.musicxml,.mxl,IANA: Recordare Apps,application,.mxl
Recordare Applications,application/vnd.recordare.musicxml+xml,.musicxml,IANA: Recordare Apps,application,.musicxml
Relax NG Compact Syntax,application/relax-ng-compact-syntax,.rnc,Relax NG,application,.rnc
RemoteDocs R-Viewer,application/vnd.data-vision.rdz,.rdz,IANA: Data-Vision,application,.rdz
Resource Description Framework,application/rdf+xml,.rdf,RFC 3870,application,.rdf
RetroPlatform Player,application/vnd.cloanto.rp9,.rp9,IANA: RetroPlatform Player,application,.rp9
RhymBox,application/vnd.jisp,.jisp,IANA: RhymBox,application,.jisp
Rich Text Format,application/rtf,.rtf,Wikipedia: Rich Text Format,application,.rtf
Rich Text Format (RTF),text/richtext,.rtx,Wikipedia: Rich Text Format,text,.rtx
ROUTE 66 Location Based Services,application/vnd.route66.link66+xml,.link66,IANA: ROUTE 66,application,.link66
RSS - Really Simple Syndication,application/rss+xml,".rss, .xml",Wikipedia: RSS,application,.rss
S Hexdump Format,application/shf+xml,.shf,RFC 4194,application,.shf
SailingTracker,application/vnd.sailingtracker.track,.st,IANA: SailingTracker,application,.st
Scalable Vector Graphics (SVG),image/svg+xml,.svg,Wikipedia: SVG,image,.svg
ScheduleUs,application/vnd.sus-calendar,.sus,IANA: ScheduleUs,application,.sus
Search/Retrieve via URL Response Format,application/sru+xml,.sru,RFC 6207,application,.sru
Secure Electronic Transaction - Payment,application/set-payment-initiation,.setpay,IANA: SET Payment,application,.setpay
Secure Electronic Transaction - Registration,application/set-registration-initiation,.setreg,IANA: SET Registration,application,.setreg
Secured eMail,application/vnd.sema,.sema,IANA: Secured eMail,application,.sema
Secured eMail,application/vnd.semd,.semd,IANA: Secured eMail,application,.semd
Secured eMail,application/vnd.semf,.semf,IANA: Secured eMail,application,.semf
SeeMail,application/vnd.seemail,.see,IANA: SeeMail,application,.see
Server Normal Format,application/x-font-snf,.snf,Wikipedia: Server Normal Format,application,.snf
Server-Based Certificate Validation Protocol - Validation Policies - Request,application/scvp-vp-request,.spq,RFC 5055,application,.spq
Server-Based Certificate Validation Protocol - Validation Policies - Response,application/scvp-vp-response,.spp,RFC 5055,application,.spp
Server-Based Certificate Validation Protocol - Validation Request,application/scvp-cv-request,.scq,RFC 5055,application,.scq
Server-Based Certificate Validation Protocol - Validation Response,application/scvp-cv-response,.scs,RFC 5055,application,.scs
Session Description Protocol,application/sdp,.sdp,RFC 2327,application,.sdp
Setext,text/x-setext,.etx,Wikipedia: Setext,text,.etx
SGI Movie,video/x-sgi-movie,.movie,SGI Facts,video,.movie
Shana Informed Filler,application/vnd.shana.informed.formdata,.ifm,IANA: Shana Informed Filler,application,.ifm
Shana Informed Filler,application/vnd.shana.informed.formtemplate,.itp,IANA: Shana Informed Filler,application,.itp
Shana Informed Filler,application/vnd.shana.informed.interchange,.iif,IANA: Shana Informed Filler,application,.iif
Shana Informed Filler,application/vnd.shana.informed.package,.ipk,IANA: Shana Informed Filler,application,.ipk
Sharing Transaction Fraud Data,application/thraud+xml,.tfi,RFC 5941,application,.tfi
Shell Archive,application/x-shar,.shar,Wikipedia: Shell Archie,application,.shar
Silicon Graphics RGB Bitmap,image/x-rgb,.rgb,RGB Image Format,image,.rgb
SimpleAnimeLite Player,application/vnd.epson.salt,.slt,IANA: SimpleAnimeLite Player,application,.slt
Simply Accounting,application/vnd.accpac.simply.aso,.aso,IANA: Simply Accounting,application,.aso
Simply Accounting - Data Import,application/vnd.accpac.simply.imp,.imp,IANA: Simply Accounting,application,.imp
SimTech MindMapper,application/vnd.simtech-mindmapper,.twd,IANA: SimTech MindMapper,application,.twd
Sixth Floor Media - CommonSpace,application/vnd.commonspace,.csp,IANA: CommonSpace,application,.csp
SMAF Audio,application/vnd.yamaha.smaf-audio,.saf,IANA: SMAF Audio,application,.saf
SMAF File,application/vnd.smaf,.mmf,IANA: SMAF File,application,.mmf
SMAF Phrase,application/vnd.yamaha.smaf-phrase,.spf,IANA: SMAF Phrase,application,.spf
SMART Technologies Apps,application/vnd.smart.teacher,.teacher,IANA: SMART Technologies Apps,application,.teacher
SourceView Document,application/vnd.svd,.svd,IANA: SourceView Document,application,.svd
SPARQL - Query,application/sparql-query,.rq,W3C SPARQL,application,.rq
SPARQL - Results,application/sparql-results+xml,.srx,W3C SPARQL,application,.srx
Speech Recognition Grammar Specification,application/srgs,.gram,W3C Speech Grammar,application,.gram
Speech Recognition Grammar Specification - XML,application/srgs+xml,.grxml,W3C Speech Grammar,application,.grxml
Speech Synthesis Markup Language,application/ssml+xml,.ssml,W3C Speech Synthesis,application,.ssml
SSEYO Koan Play File,application/vnd.koan,.skp,IANA: SSEYO Koan Play File,application,.skp
Standard Generalized Markup Language (SGML),text/sgml,.sgml,Wikipedia: SGML,text,.sgml
StarOffice - Calc,application/vnd.stardivision.calc,.sdc, ,application,.sdc
StarOffice - Draw,application/vnd.stardivision.draw,.sda, ,application,.sda
StarOffice - Impress,application/vnd.stardivision.impress,.sdd, ,application,.sdd
StarOffice - Math,application/vnd.stardivision.math,.smf, ,application,.smf
StarOffice - Writer,application/vnd.stardivision.writer,.sdw, ,application,.sdw
StarOffice - Writer (Global),application/vnd.stardivision.writer-global,.sgl, ,application,.sgl
StepMania,application/vnd.stepmania.stepchart,.sm,IANA: StepMania,application,.sm
Stuffit Archive,application/x-stuffit,.sit,Wikipedia: Stuffit,application,.sit
Stuffit Archive,application/x-stuffitx,.sitx,Wikipedia: Stuffit,application,.sitx
SudokuMagic,application/vnd.solent.sdkm+xml,.sdkm,IANA: SudokuMagic,application,.sdkm
Sugar Linux Application Bundle,application/vnd.olpc-sugar,.xo,IANA: Sugar Linux App Bundle,application,.xo
Sun Audio - Au file format,audio/basic,.au,Wikipedia: Sun audio,audio,.au
SundaHus WQ,application/vnd.wqd,.wqd,IANA: SundaHus WQ,application,.wqd
Symbian Install Package,application/vnd.symbian.install,.sis,IANA: Symbian Install,application,.sis
Synchronized Multimedia Integration Language,application/smil+xml,.smi,RFC 4536,application,.smi
SyncML,application/vnd.syncml+xml,.xsm,IANA: SyncML,application,.xsm
SyncML - Device Management,application/vnd.syncml.dm+wbxml,.bdm,IANA: SyncML,application,.bdm
SyncML - Device Management,application/vnd.syncml.dm+xml,.xdm,IANA: SyncML,application,.xdm
System V Release 4 CPIO Archive,application/x-sv4cpio,.sv4cpio,Wikipedia: pax,application,.sv4cpio
System V Release 4 CPIO Checksum Data,application/x-sv4crc,.sv4crc,Wikipedia: pax,application,.sv4crc
Systems Biology Markup Language,application/sbml+xml,.sbml,RFC 3823,application,.sbml
Tab Seperated Values,text/tab-separated-values,.tsv,Wikipedia: TSV,text,.tsv
Tagged Image File Format,image/tiff,.tiff,Wikipedia: TIFF,image,.tiff
Tao Intent,application/vnd.tao.intent-module-archive,.tao,IANA: Tao Intent,application,.tao
Tar File (Tape Archive),application/x-tar,.tar,Wikipedia: Tar,application,.tar
Tcl Script,application/x-tcl,.tcl,Wikipedia: Tcl,application,.tcl
TeX,application/x-tex,.tex,Wikipedia: TeX,application,.tex
TeX Font Metric,application/x-tex-tfm,.tfm,Wikipedia: TeX Font Metric,application,.tfm
Text Encoding and Interchange,application/tei+xml,.tei,RFC 6129,application,.tei
Text File,text/plain,.txt,Wikipedia: Text File,text,.txt
TIBCO Spotfire,application/vnd.spotfire.dxp,.dxp,IANA: TIBCO Spotfire,application,.dxp
TIBCO Spotfire,application/vnd.spotfire.sfs,.sfs,IANA: TIBCO Spotfire,application,.sfs
Time Stamped Data Envelope,application/timestamped-data,.tsd,RFC 5955,application,.tsd
TRI Systems Config,application/vnd.trid.tpt,.tpt,IANA: TRI Systems,application,.tpt
Triscape Map Explorer,application/vnd.triscape.mxs,.mxs,IANA: Triscape Map Explorer,application,.mxs
troff,text/troff,.t,Wikipedia: troff,text,.t
True BASIC,application/vnd.trueapp,.tra,IANA: True BASIC,application,.tra
TrueType Font,application/x-font-ttf,.ttf,Wikipedia: TrueType,application,.ttf
Turtle (Terse RDF Triple Language),text/turtle,.ttl,Wikipedia: Turtle,text,.ttl
UMAJIN,application/vnd.umajin,.umj,IANA: UMAJIN,application,.umj
Unique Object Markup Language,application/vnd.uoml+xml,.uoml,IANA: UOML,application,.uoml
Unity 3d,application/vnd.unity,.unityweb,IANA: Unity 3d,application,.unityweb
Universal Forms Description Language,application/vnd.ufdl,.ufd,IANA: Universal Forms Description Language,application,.ufd
URI Resolution Services,text/uri-list,.uri,RFC 2483,text,.uri
User Interface Quartz - Theme (Symbian),application/vnd.uiq.theme,.utz,IANA: User Interface Quartz,application,.utz
Ustar (Uniform Standard Tape Archive),application/x-ustar,.ustar,Wikipedia: Ustar,application,.ustar
UUEncode,text/x-uuencode,.uu,Wikipedia: UUEncode,text,.uu
vCalendar,text/x-vcalendar,.vcs,Wikipedia: vCalendar,text,.vcs
vCard,text/x-vcard,.vcf,Wikipedia: vCard,text,.vcf
Video CD,application/x-cdlink,.vcd,Wikipedia: Video CD,application,.vcd
Viewport+,application/vnd.vsf,.vsf,IANA: Viewport+,application,.vsf
Virtual Reality Modeling Language,model/vrml,.wrl,Wikipedia: VRML,model,.wrl
VirtualCatalog,application/vnd.vcx,.vcx,IANA: VirtualCatalog,application,.vcx
Virtue MTS,model/vnd.mts,.mts,IANA: MTS,model,.mts
Virtue VTU,model/vnd.vtu,.vtu,IANA: VTU,model,.vtu
Visionary,application/vnd.visionary,.vis,IANA: Visionary,application,.vis
Vivo,video/vnd.vivo,.viv,IANA: Vivo,video,.viv
Voice Browser Call Control,"application/ccxml+xml,",.ccxml,Voice Browser Call Control: CCXML Version 1.0,application,.ccxml
VoiceXML,application/voicexml+xml,.vxml,RFC 4267,application,.vxml
WAIS Source,application/x-wais-source,.src,YoLinux,application,.src
WAP Binary XML (WBXML),application/vnd.wap.wbxml,.wbxml,IANA: WBXML,application,.wbxml
WAP Bitamp (WBMP),image/vnd.wap.wbmp,.wbmp,IANA: WBMP,image,.wbmp
Waveform Audio File Format (WAV),audio/x-wav,.wav,Wikipedia: WAV,audio,.wav
Web Distributed Authoring and Versioning,application/davmount+xml,.davmount,RFC 4918,application,.davmount
Web Open Font Format,application/x-font-woff,.woff,Wikipedia: Web Open Font Format,application,.woff
Web Services Policy,application/wspolicy+xml,.wspolicy,W3C Web Services Policy,application,.wspolicy
WebP Image,image/webp,.webp,Wikipedia: WebP,image,.webp
WebTurbo,application/vnd.webturbo,.wtb,IANA: WebTurbo,application,.wtb
Widget Packaging and XML Configuration,application/widget,.wgt,W3C Widget Packaging and XML Configuration,application,.wgt
WinHelp,application/winhlp,.hlp,Wikipedia: WinHelp,application,.hlp
Wireless Markup Language (WML),text/vnd.wap.wml,.wml,Wikipedia: WML,text,.wml
Wireless Markup Language Script (WMLScript),text/vnd.wap.wmlscript,.wmls,Wikipedia: WMLScript,text,.wmls
WMLScript,application/vnd.wap.wmlscriptc,.wmlsc,IANA: WMLScript,application,.wmlsc
Wordperfect,application/vnd.wordperfect,.wpd,IANA: Wordperfect,application,.wpd
Worldtalk,application/vnd.wt.stf,.stf,IANA: Worldtalk,application,.stf
WSDL - Web Services Description Language,application/wsdl+xml,.wsdl,W3C Web Service Description Language,application,.wsdl
X BitMap,image/x-xbitmap,.xbm,Wikipedia: X BitMap,image,.xbm
X PixMap,image/x-xpixmap,.xpm,Wikipedia: X PixMap,image,.xpm
X Window Dump,image/x-xwindowdump,.xwd,Wikipedia: X Window Dump,image,.xwd
X.509 Certificate,application/x-x509-ca-cert,.der,Wikipedia: X.509,application,.der
Xfig,application/x-xfig,.fig,Wikipedia: Xfig,application,.fig
XHTML - The Extensible HyperText Markup Language,application/xhtml+xml,.xhtml,W3C XHTML,application,.xhtml
XML - Extensible Markup Language,application/xml,.xml,W3C XML,application,.xml
XML Configuration Access Protocol - XCAP Diff,application/xcap-diff+xml,.xdf,Wikipedia: XCAP,application,.xdf
XML Encryption Syntax and Processing,application/xenc+xml,.xenc,W3C XML Encryption Syntax and Processing,application,.xenc
XML Patch Framework,application/patch-ops-error+xml,.xer,RFC 5261,application,.xer
XML Resource Lists,application/resource-lists+xml,.rl,RFC 4826,application,.rl
XML Resource Lists,application/rls-services+xml,.rs,RFC 4826,application,.rs
XML Resource Lists Diff,application/resource-lists-diff+xml,.rld,RFC 4826,application,.rld
XML Transformations,application/xslt+xml,.xslt,W3C XSLT,application,.xslt
XML-Binary Optimized Packaging,application/xop+xml,.xop,W3C XOP,application,.xop
XPInstall - Mozilla,application/x-xpinstall,.xpi,Wikipedia: XPI,application,.xpi
XSPF - XML Shareable Playlist Format,application/xspf+xml,.xspf,XML Shareable Playlist Format,application,.xspf
XUL - XML User Interface Language,application/vnd.mozilla.xul+xml,.xul,IANA: XUL,application,.xul
XYZ File Format,chemical/x-xyz,.xyz,Wikipedia: XYZ File Format,chemical,.xyz
YAML Ain't Markup Language / Yet Another Markup Language,text/yaml,.yaml,YAML: YAML Ain't Markup Language,text,.yaml
YANG Data Modeling Language,application/yang,.yang,Wikipedia: YANG,application,.yang
YIN (YANG - XML),application/yin+xml,.yin,Wikipedia: YANG,application,.yin
Z.U.L. Geometry,application/vnd.zul,.zir,IANA: Z.U.L.,application,.zir
Zip Archive,application/zip,.zip,Wikipedia: Zip,application,.zip
ZVUE Media Manager,application/vnd.handheld-entertainment+xml,.zmm,IANA: ZVUE Media Manager,application,.zmm
Zzazz Deck,application/vnd.zzazz.deck+xml,.zaz,IANA: Zzazz,application,.zaz
